Product URL,Product Name,Product Price,Rating,Number of Reviews,Description,ASIN,Product Description,Manufacturer
https://www.amazon.in/b/ref=sxts_spks_0_0_5b47f725-4fa5-48ae-98f9-662935e233b4?node=21102587031&pd_rd_w=Gz7TU&content-id=amzn1.sym.5b47f725-4fa5-48ae-98f9-662935e233b4:amzn1.sym.5b47f725-4fa5-48ae-98f9-662935e233b4&pf_rd_p=5b47f725-4fa5-48ae-98f9-662935e233b4&pf_rd_r=ZYGYBNQGN0VQGG2FBTZ1&pd_rd_wg=MhpAQ&pd_rd_r=844a0359-e0f9-46cf-b6ca-dccaf30a540a&qid=1685089466,,,,,,,,
https://www.amazon.in/b/ref=sxts_spks_0_0_5b47f725-4fa5-48ae-98f9-662935e233b4?node=21102587031&pd_rd_w=Gz7TU&content-id=amzn1.sym.5b47f725-4fa5-48ae-98f9-662935e233b4:amzn1.sym.5b47f725-4fa5-48ae-98f9-662935e233b4&pf_rd_p=5b47f725-4fa5-48ae-98f9-662935e233b4&pf_rd_r=ZYGYBNQGN0VQGG2FBTZ1&pd_rd_wg=MhpAQ&pd_rd_r=844a0359-e0f9-46cf-b6ca-dccaf30a540a&qid=1685089466,,,,,,,,
https://www.amazon.in/Wesley-Milestone-Waterproof-Backpack-Business/dp/B084JGJ8PF/ref=ice_ac_b_dpb,,,,,,,,
https://www.amazon.in/Wesley-Milestone-Waterproof-Backpack-Business/dp/B084JGJ8PF,,,,,,,,
https://www.amazon.in/Wesley-Milestone-Waterproof-Backpack-Business/dp/B084JGJ8PF,,,,,,,,
https://www.amazon.in/Wesley-Milestone-Waterproof-Backpack-Business/dp/B084JGJ8PF#customerReviews,In stock,598,4.3,,,B084JGJ8PF,Secure transaction,Brand: Wesley
https://www.amazon.in/Wesley-Milestone-Waterproof-Backpack-Business/dp/B084JGJ8PF,In stock,598,4.3,,,B084JGJ8PF,Secure transaction,Brand: Wesley
https://www.amazon.in/American-Tourister-AMT-SCH-02/dp/B07CJCGM1M,,,,,,,,
https://www.amazon.in/American-Tourister-AMT-SCH-02/dp/B07CJCGM1M,In stock,"1,199.00",4,,,B07CJCGM1M,Secure transaction,Brand: American Tourister
https://www.amazon.in/American-Tourister-AMT-SCH-02/dp/B07CJCGM1M#customerReviews,,,,,,,,
https://www.amazon.in/gp/goldbox/,,,,,,,,
https://www.amazon.in/American-Tourister-AMT-SCH-02/dp/B07CJCGM1M,,,,,,,,
https://www.amazon.in/Skybags-Brat-Black-Casual-Backpack/dp/B08Z1HHHTD,,,,,,,,
https://www.amazon.in/Skybags-Brat-Black-Casual-Backpack/dp/B08Z1HHHTD,,,,,,,,
https://www.amazon.in/Skybags-Brat-Black-Casual-Backpack/dp/B08Z1HHHTD#customerReviews,Skybags Brat Black 46 Cms Casual Backpack,630,4.1,4.1,"Ideal for a college student who does not carry a lot of books or laptop to college. Very stylish, slim and feature loaded Backpack",B08Z1HHHTD,Secure transaction,Visit the Skybags Store
https://www.amazon.in/Skybags-Brat-Black-Casual-Backpack/dp/B08Z1HHHTD,,,,,,,,
https://www.amazon.in/s/ref=sxin_15_trfob?rh=n%3A14737350031&k=bags&i=specialty-aps&srs=14737350031&pd_rd_w=CeziY&content-id=amzn1.sym.aa46410f-8156-4270-bbdf-247d793e0b26:amzn1.sym.aa46410f-8156-4270-bbdf-247d793e0b26&pf_rd_p=aa46410f-8156-4270-bbdf-247d793e0b26&pf_rd_r=ZYGYBNQGN0VQGG2FBTZ1&pd_rd_wg=MlkWy&pd_rd_r=a50da8ad-9f6a-449d-b8f4-35adc6e29941&qid=1685089466,,,,,,,,
https://www.amazon.in/School-Backpack-Cartoon-Travel-Toddler/dp/B08WWG91Q3?sbo=RZvfv%2F%2FHxDF%2BO5021pAnSA%3D%3D,,,,,,,,
https://www.amazon.in/School-Backpack-Cartoon-Travel-Toddler/dp/B08WWG91Q3?sbo=RZvfv%2F%2FHxDF%2BO5021pAnSA%3D%3D,,,,,,,,
https://www.amazon.in/School-Backpack-Cartoon-Travel-Toddler/dp/B08WWG91Q3?sbo=RZvfv%2F%2FHxDF%2BO5021pAnSA%3D%3D#customerReviews,,,,,,,,
https://www.amazon.in/School-Backpack-Cartoon-Travel-Toddler/dp/B08WWG91Q3?sbo=RZvfv%2F%2FHxDF%2BO5021pAnSA%3D%3D,,,,,,,,
https://www.amazon.in/MosQuick%C2%AE-Drawstring-Organizing-Stationery-multipurpose/dp/B09SB42QFQ?sbo=EO%2BcdOgoisx3waG5xqcZQA%3D%3D,,,,,,,,
https://www.amazon.in/MosQuick%C2%AE-Drawstring-Organizing-Stationery-multipurpose/dp/B09SB42QFQ?sbo=EO%2BcdOgoisx3waG5xqcZQA%3D%3D,,,,,,,,
https://www.amazon.in/MosQuick%C2%AE-Drawstring-Organizing-Stationery-multipurpose/dp/B09SB42QFQ?sbo=EO%2BcdOgoisx3waG5xqcZQA%3D%3D#customerReviews,,,,,,,,
https://www.amazon.in/MosQuick%C2%AE-Drawstring-Organizing-Stationery-multipurpose/dp/B09SB42QFQ?sbo=EO%2BcdOgoisx3waG5xqcZQA%3D%3D,"MosQuick® Clear large Drawstring Bags Clear Plastic Travel Bags, Travel Garments Organizing Storage Plastic Bags ,Shoe bags , Stationery Bag,multipurpose bag - Translucent",395,4.2,4.2,,B09SB5DP5Y,Secure transaction,
https://www.amazon.in/Backpack-Toddler-Animal-Cartoon-Travel/dp/B09H3H3898?sbo=RZvfv%2F%2FHxDF%2BO5021pAnSA%3D%3D,,,,,,,,
https://www.amazon.in/Backpack-Toddler-Animal-Cartoon-Travel/dp/B09H3H3898?sbo=RZvfv%2F%2FHxDF%2BO5021pAnSA%3D%3D,,,,,,,,
https://www.amazon.in/Backpack-Toddler-Animal-Cartoon-Travel/dp/B09H3H3898?sbo=RZvfv%2F%2FHxDF%2BO5021pAnSA%3D%3D#customerReviews,,,,,,,,
https://www.amazon.in/Backpack-Toddler-Animal-Cartoon-Travel/dp/B09H3H3898?sbo=RZvfv%2F%2FHxDF%2BO5021pAnSA%3D%3D,,,,,,,,
https://www.amazon.in/Blue-Tree-Velvet-Nursery-Travelling/dp/B07XJHP2C7?sbo=RZvfv%2F%2FHxDF%2BO5021pAnSA%3D%3D,,,,,,,,
https://www.amazon.in/Blue-Tree-Velvet-Nursery-Travelling/dp/B07XJHP2C7?sbo=RZvfv%2F%2FHxDF%2BO5021pAnSA%3D%3D,,,,,,,,
https://www.amazon.in/Blue-Tree-Velvet-Nursery-Travelling/dp/B07XJHP2C7?sbo=RZvfv%2F%2FHxDF%2BO5021pAnSA%3D%3D#customerReviews,,,,,,,,
https://www.amazon.in/Blue-Tree-Velvet-Nursery-Travelling/dp/B07XJHP2C7?sbo=RZvfv%2F%2FHxDF%2BO5021pAnSA%3D%3D,,,,,,,,
https://www.amazon.in/Amazon-Brand-Canvas-printed-stylish/dp/B0BX3PW42J?sbo=RZvfv%2F%2FHxDF%2BO5021pAnSA%3D%3D,,,,,,,,
https://www.amazon.in/Amazon-Brand-Canvas-printed-stylish/dp/B0BX3PW42J/ref=cs_sr_dp_1?sbo=RZvfv%2F%2FHxDF%2BO5021pAnSA%3D%3D,,,,,,,,
https://www.amazon.in/Amazon-Brand-Canvas-printed-stylish/dp/B0BX397VSK/ref=cs_sr_dp_2?sbo=RZvfv%2F%2FHxDF%2BO5021pAnSA%3D%3D,,,,,,,,
https://www.amazon.in/Amazon-Brand-Canvas-printed-stylish/dp/B0BX42S12M/ref=cs_sr_dp_3?sbo=RZvfv%2F%2FHxDF%2BO5021pAnSA%3D%3D,,,,,,,,
https://www.amazon.in/Amazon-Brand-Canvas-printed-stylish/dp/B0BX3MXKHG/ref=cs_sr_dp_4?sbo=RZvfv%2F%2FHxDF%2BO5021pAnSA%3D%3D,In stock,349,4.5,,"Stylish Bags: Amazon Brand - Umi presents an affordable range of chic, stylish and classy bags. Perfect Look: Designed for the modern woman, we use a variety of trendy and traditional prints that make you and your bag stand out in the crowd. Colourful: Classic colour combinations as well as mix and match of hip patterns make these bags ideal for any occasion. Occasion: be it work, college,travel, event or a party, there is a perfect bag for everything and everyone. Long Lasting: Comfortable and Spacious, light to hold and long lasting, our line of fashionable fatty bags and totes are a must have in any wardrobe Available in beautiful prints, eye catching embroidery and brilliant colours, our bags complement your clothes and accentuate your accessories.Available in beautiful prints, eye catching embroidery and brilliant colours, our bags complement your clothes and accentuate your accessories.",B0BX397VSK,Secure transaction,Brand: Amazon Brand - Eono
https://www.amazon.in/Amazon-Brand-Canvas-printed-stylish/dp/B0BX3KJ1KK/ref=cs_sr_dp_5?sbo=RZvfv%2F%2FHxDF%2BO5021pAnSA%3D%3D,,,,,,,,
https://www.amazon.in/Amazon-Brand-Canvas-printed-stylish/dp/B0BX3PW42J?sbo=RZvfv%2F%2FHxDF%2BO5021pAnSA%3D%3D,,,,,,,,
https://www.amazon.in/Amazon-Brand-Canvas-printed-stylish/dp/B0BX3PW42J?sbo=RZvfv%2F%2FHxDF%2BO5021pAnSA%3D%3D#customerReviews,,,,,,,,
https://www.amazon.in/gp/goldbox/,,,,,,,,
https://www.amazon.in/Amazon-Brand-Canvas-printed-stylish/dp/B0BX3PW42J?sbo=RZvfv%2F%2FHxDF%2BO5021pAnSA%3D%3D,,,,,,,,
https://www.amazon.in/School-Backpack-Cartoon-Travel-Toddler/dp/B08WWTHLTF?sbo=RZvfv%2F%2FHxDF%2BO5021pAnSA%3D%3D,,,,,,,,
https://www.amazon.in/School-Backpack-Cartoon-Travel-Toddler/dp/B08WWTHLTF?sbo=RZvfv%2F%2FHxDF%2BO5021pAnSA%3D%3D,In stock,415,5,,"Blue Tree Cute Kids BackpackIs A Perfect Backpack For Toddlers Or Kids Headed To Preschool, Daycare, Hiking, And Day Trips. This Bag Is Made Up Of High-Quality Finest Material Which Is Soft To Touch, Cute And Adorable, Perfect-Size For Little Ones, This Perfectly-Sized Zoo Pack Feature A Friendly Animal Face, Top Hanging Loop, Crafted Details. The Cartoon Backpack Is The Best Gift For Kids. Every Little Kid Wants Cute, Cool Animal Toddler Backpacks. Lovely Animals Attractive Design, Bright And Multi-Color. It Is Very Soft And Lightweight. The Super Lightweight Makes Your Kids Easy To Carry Around. The Padded Shoulder Straps Are Also Adjustable, Making Them Comfy For Little Shoulders.",B08WWTHLTF,Secure transaction,Visit the Blue Tree Store
https://www.amazon.in/School-Backpack-Cartoon-Travel-Toddler/dp/B08WWTHLTF?sbo=RZvfv%2F%2FHxDF%2BO5021pAnSA%3D%3D#customerReviews,,,,,,,,
https://www.amazon.in/gp/goldbox/,,,,,,,,
https://www.amazon.in/School-Backpack-Cartoon-Travel-Toddler/dp/B08WWTHLTF?sbo=RZvfv%2F%2FHxDF%2BO5021pAnSA%3D%3D,,,,,,,,
https://www.amazon.in/AmazonBasics-Foldable-Travel-Duffel-27-inch/dp/B01J24HEE4?sbo=RZvfv%2F%2FHxDF%2BO5021pAnSA%3D%3D,,,,,,,,
https://www.amazon.in/AmazonBasics-Foldable-Travel-Duffel-27-inch/dp/B01J24HEE4?sbo=RZvfv%2F%2FHxDF%2BO5021pAnSA%3D%3D,,,,,,,,
https://www.amazon.in/AmazonBasics-Foldable-Travel-Duffel-27-inch/dp/B01J24HEE4?sbo=RZvfv%2F%2FHxDF%2BO5021pAnSA%3D%3D#customerReviews,,,,,,,,
https://www.amazon.in/gp/goldbox/,,,,,,,,
https://www.amazon.in/AmazonBasics-Foldable-Travel-Duffel-27-inch/dp/B01J24HEE4?sbo=RZvfv%2F%2FHxDF%2BO5021pAnSA%3D%3D,,,,,,,,
https://www.amazon.in/Blue-Tree-Backpack-Cartoon-Spiderman/dp/B08YP5HQVP?sbo=RZvfv%2F%2FHxDF%2BO5021pAnSA%3D%3D,,,,,,,,
https://www.amazon.in/Blue-Tree-Backpack-Cartoon-Spiderman/dp/B08YP5HQVP?sbo=RZvfv%2F%2FHxDF%2BO5021pAnSA%3D%3D,,,,,,,,
https://www.amazon.in/Blue-Tree-Backpack-Cartoon-Spiderman/dp/B08YP5HQVP?sbo=RZvfv%2F%2FHxDF%2BO5021pAnSA%3D%3D#customerReviews,,,,,,,,
https://www.amazon.in/gp/goldbox/,,,,,,,,
https://www.amazon.in/Blue-Tree-Backpack-Cartoon-Spiderman/dp/B08YP5HQVP?sbo=RZvfv%2F%2FHxDF%2BO5021pAnSA%3D%3D,,,,,,,,
https://www.amazon.in/American-Tourister-BACKPACK-COMPARTMENT-ORGANIZER/dp/B0BTD4FK9G,,,,,,,,
https://www.amazon.in/American-Tourister-BACKPACK-COMPARTMENT-ORGANIZER/dp/B0BTD4FK9G,,,,,,,,
https://www.amazon.in/American-Tourister-BACKPACK-COMPARTMENT-ORGANIZER/dp/B0BTD4FK9G#customerReviews,"American Tourister VALEX BLUE LAPTOP BACKPACK 28 Ltrs,Volume, LAPTOP COMPARTMENT, BOTTLE POCKET, FRONT ORGANIZER","1,299",4.2,4.2,"A backpack isn’t just a bag. It’s a cache, a case, a mobile base of sorts. And it is a reflection of the care you’ve put into selecting the ideal loadout of items to keep on you. Introducing Valex, a modern everyday backpacks collections are available in a variety of nice looking colours to express your true self",B0BTD4FK9G,Secure transaction,Brand: American Tourister
https://www.amazon.in/gp/goldbox/,,,,,,,,
https://www.amazon.in/American-Tourister-BACKPACK-COMPARTMENT-ORGANIZER/dp/B0BTD4FK9G,,,,,,,,
https://www.amazon.in/Number-Backpack-Compartment-Charging-Organizer/dp/B09VTDMRY7,,,,,,,,
https://www.amazon.in/Number-Backpack-Compartment-Charging-Organizer/dp/B09VTDMRY7,,,,,,,,
https://www.amazon.in/Number-Backpack-Compartment-Charging-Organizer/dp/B09VTDMRY7#customerReviews,,,,,,,,
https://www.amazon.in/gp/goldbox/,,,,,,,,
https://www.amazon.in/Number-Backpack-Compartment-Charging-Organizer/dp/B09VTDMRY7,,,,,,,,
https://www.amazon.in/ADISA-Laptop-Backpack-Office-College/dp/B09TPX22NF,,,,,,,,
https://www.amazon.in/ADISA-Laptop-Backpack-Office-College/dp/B09TPX22NF,,,,,,,,
https://www.amazon.in/ADISA-Laptop-Backpack-Office-College/dp/B09TPX22NF#customerReviews,,,,,,,,
https://www.amazon.in/gp/goldbox/,,,,,,,,
https://www.amazon.in/ADISA-Laptop-Backpack-Office-College/dp/B09TPX22NF,,,,,,,,
https://www.amazon.in/Number-Backpack-Compartment-Charging-Organizer/dp/B09VTCNN75,,,,,,,,
https://www.amazon.in/Number-Backpack-Compartment-Charging-Organizer/dp/B09VTCNN75,,,,,,,,
https://www.amazon.in/Number-Backpack-Compartment-Charging-Organizer/dp/B09VTCNN75#customerReviews,,,,,,,,
https://www.amazon.in/gp/goldbox/,,,,,,,,
https://www.amazon.in/Number-Backpack-Compartment-Charging-Organizer/dp/B09VTCNN75,,,,,,,,
https://www.amazon.in/gp/bestsellers/computers/1375464031/ref=sr_bs_7_1375464031_1,Hot New Releases,,3.9,₹529.00,,,,
https://www.amazon.in/Half-Moon-Waterproof-Backpack-Students/dp/B085MHDJ93,,,,,,,,
https://www.amazon.in/Half-Moon-Waterproof-Backpack-Students/dp/B085MHDJ93,,,,,,,,
https://www.amazon.in/Half-Moon-Waterproof-Backpack-Students/dp/B085MHDJ93#customerReviews,,,,,,,,
https://www.amazon.in/gp/goldbox/,,,,,,,,
https://www.amazon.in/Half-Moon-Waterproof-Backpack-Students/dp/B085MHDJ93,,,,,,,,
https://www.amazon.in/gp/bestsellers/luggage/ref=sr_bs_8_luggage_1,Hot New Releases,,4,₹248.00,,,,
https://www.amazon.in/SAFARI-Ltrs-Casual-Backpack-DAYPACKNEO15CBSEB/dp/B07Q7CNPMV,,,,,,,,
https://www.amazon.in/SAFARI-Ltrs-Casual-Backpack-DAYPACKNEO15CBSEB/dp/B07Q7CNPMV,,,,,,,,
https://www.amazon.in/SAFARI-Ltrs-Casual-Backpack-DAYPACKNEO15CBSEB/dp/B07Q7CNPMV#customerReviews,,,,,,,,
https://www.amazon.in/SAFARI-Ltrs-Casual-Backpack-DAYPACKNEO15CBSEB/dp/B07Q7CNPMV,,,,,,,,
https://www.amazon.in/American-Tourister-BACKPACK-COMPARTMENT-ORGANIZER/dp/B0BTD4S4XF,,,,,,,,
https://www.amazon.in/American-Tourister-BACKPACK-COMPARTMENT-ORGANIZER/dp/B0BTD4S4XF,,,,,,,,
https://www.amazon.in/American-Tourister-BACKPACK-COMPARTMENT-ORGANIZER/dp/B0BTD4S4XF#customerReviews,,,,,,,,
https://www.amazon.in/gp/goldbox/,,,,,,,,
https://www.amazon.in/American-Tourister-BACKPACK-COMPARTMENT-ORGANIZER/dp/B0BTD4S4XF,,,,,,,,
https://www.amazon.in/FUR-JADEN-Leatherette-Polypropylene-DUFF05/dp/B07M9BRCQ5,,,,,,,,
https://www.amazon.in/FUR-JADEN-Leatherette-Polypropylene-DUFF05/dp/B07M9BRCQ5,,,,,,,,
https://www.amazon.in/FUR-JADEN-Leatherette-Polypropylene-DUFF05/dp/B07M9BRCQ5#customerReviews,₹,899,4.3,,"Get your globe-trotting in full swing with this handy duffel bag, while also carrying your basic essentials. The minimalistic design allows the millennial in you to travel anywhere without any hassles. This versatile duffel bag from Fur Jaden can be carried in your hand or on your shoulders using a Shoulder Strap provided with the Bag. Fret not on your escapades as this will bear the wear and tear of persistent use in the long run. This sturdy duffel bag from Fur Jaden can be taken along with you for those business trips or weekend getaway. The minimalistic design of this duffel bag from Fur Jaden enhances the durable looks of it. Making it so sophisticated yet the versatile functionality of it creates an endless list of possibilities to carry about will keep the on-lookers admiring. Pack your stuff and go on a whimsical adventure to complete your bucket list. For those surprise plans, just grab your valuables and essentials and you will be good to go.",B0848GJB64,Secure transaction,Brand: FUR JADEN
https://www.amazon.in/gp/goldbox/,,,,,,,,
https://www.amazon.in/FUR-JADEN-Leatherette-Polypropylene-DUFF05/dp/B07M9BRCQ5,,,,,,,,
https://www.amazon.in/TRUE-HUMAN-Anti-Theft-backpack-charging/dp/B09QJ7ZF2Y,"TRUE HUMAN Emperor Anti-Theft backpack With USB charging Port Laptop Bag, Office bag, college bag and anti -theft back pocket (Black)",599,3.8,3.8,,B09QJ7ZF2Y,Secure transaction,Visit the TRUE HUMAN Store
https://www.amazon.in/TRUE-HUMAN-Anti-Theft-backpack-charging/dp/B09QJ7ZF2Y,,,,,,,,
https://www.amazon.in/TRUE-HUMAN-Anti-Theft-backpack-charging/dp/B09QJ7ZF2Y#customerReviews,"TRUE HUMAN Emperor Anti-Theft backpack With USB charging Port Laptop Bag, Office bag, college bag and anti -theft back pocket (Black)",599,3.8,3.8,,B09QJ7ZF2Y,Secure transaction,Visit the TRUE HUMAN Store
https://www.amazon.in/gp/goldbox/,,,,,,,,
https://www.amazon.in/TRUE-HUMAN-Anti-Theft-backpack-charging/dp/B09QJ7ZF2Y,,,,,,,,
https://www.amazon.in/Safari-45L-21-OB-BLK/dp/B07BZ5VC4H,,,,,,,,
https://www.amazon.in/Safari-45L-21-OB-BLK/dp/B07BZ5VC4H,,,,,,,,
https://www.amazon.in/Safari-45L-21-OB-BLK/dp/B07BZ5VC4H#customerReviews,,,,,,,,
https://www.amazon.in/Safari-45L-21-OB-BLK/dp/B07BZ5VC4H,,,,,,,,
https://www.amazon.in/Lunars-Bingo-Laptop-Resistant-48L/dp/B08YZ8FFBZ,,,,,,,,
https://www.amazon.in/Lunars-Bingo-Laptop-Resistant-48L/dp/B08YZ8FFBZ,,,,,,,,
https://www.amazon.in/Lunars-Bingo-Laptop-Resistant-48L/dp/B08YZ8FFBZ#customerReviews,,,,,,,,
https://www.amazon.in/gp/goldbox/,,,,,,,,
https://www.amazon.in/Lunars-Bingo-Laptop-Resistant-48L/dp/B08YZ8FFBZ,,,,,,,,
https://www.amazon.in/Wesley-Spartan-Hiking-Raincover-Organiser/dp/B098QFF5TJ,,,,,,,,
https://www.amazon.in/Wesley-Spartan-Hiking-Raincover-Organiser/dp/B098QFF5TJ,,,,,,,,
https://www.amazon.in/Wesley-Spartan-Hiking-Raincover-Organiser/dp/B098QFF5TJ#customerReviews,,,,,,,,
https://www.amazon.in/Wesley-Spartan-Hiking-Raincover-Organiser/dp/B098QFF5TJ,,,,,,,,
https://www.amazon.in/ADISA-Laptop-Backpack-Office-College/dp/B0BPVLXD53,,,,,,,,
https://www.amazon.in/ADISA-Laptop-Backpack-Office-College/dp/B0BPVLXD53,,,,,,,,
https://www.amazon.in/ADISA-Laptop-Backpack-Office-College/dp/B0BPVLXD53#customerReviews,,,,,,,,
https://www.amazon.in/gp/goldbox/,,,,,,,,
https://www.amazon.in/ADISA-Laptop-Backpack-Office-College/dp/B0BPVLXD53,,,,,,,,
https://www.amazon.in/s/?k=bags+for+girls&ref=sugsr_0&pd_rd_w=2YdOu&content-id=amzn1.sym.f0166a2b-0975-4017-be10-7ecf88afb403:amzn1.sym.f0166a2b-0975-4017-be10-7ecf88afb403&pf_rd_p=f0166a2b-0975-4017-be10-7ecf88afb403&pf_rd_r=ZYGYBNQGN0VQGG2FBTZ1&pd_rd_wg=GhzkT&pd_rd_r=4b47527b-fc8d-450a-bcfe-3c53c4af6c57&qid=1685089466,,,,,,,,
https://www.amazon.in/s/?k=skybags&ref=sugsr_3&pd_rd_w=2YdOu&content-id=amzn1.sym.f0166a2b-0975-4017-be10-7ecf88afb403:amzn1.sym.f0166a2b-0975-4017-be10-7ecf88afb403&pf_rd_p=f0166a2b-0975-4017-be10-7ecf88afb403&pf_rd_r=ZYGYBNQGN0VQGG2FBTZ1&pd_rd_wg=GhzkT&pd_rd_r=4b47527b-fc8d-450a-bcfe-3c53c4af6c57&qid=1685089466,,,,,,,,
https://www.amazon.in/s/?k=bags+for+travelling&ref=sugsr_1&pd_rd_w=2YdOu&content-id=amzn1.sym.f0166a2b-0975-4017-be10-7ecf88afb403:amzn1.sym.f0166a2b-0975-4017-be10-7ecf88afb403&pf_rd_p=f0166a2b-0975-4017-be10-7ecf88afb403&pf_rd_r=ZYGYBNQGN0VQGG2FBTZ1&pd_rd_wg=GhzkT&pd_rd_r=4b47527b-fc8d-450a-bcfe-3c53c4af6c57&qid=1685089466,,,,,,,,
https://www.amazon.in/s/?k=wildcraft+bags&ref=sugsr_4&pd_rd_w=2YdOu&content-id=amzn1.sym.f0166a2b-0975-4017-be10-7ecf88afb403:amzn1.sym.f0166a2b-0975-4017-be10-7ecf88afb403&pf_rd_p=f0166a2b-0975-4017-be10-7ecf88afb403&pf_rd_r=ZYGYBNQGN0VQGG2FBTZ1&pd_rd_wg=GhzkT&pd_rd_r=4b47527b-fc8d-450a-bcfe-3c53c4af6c57&qid=1685089466,,,,,,,,
https://www.amazon.in/s/?k=school+bags&ref=sugsr_2&pd_rd_w=2YdOu&content-id=amzn1.sym.f0166a2b-0975-4017-be10-7ecf88afb403:amzn1.sym.f0166a2b-0975-4017-be10-7ecf88afb403&pf_rd_p=f0166a2b-0975-4017-be10-7ecf88afb403&pf_rd_r=ZYGYBNQGN0VQGG2FBTZ1&pd_rd_wg=GhzkT&pd_rd_r=4b47527b-fc8d-450a-bcfe-3c53c4af6c57&qid=1685089466,,,,,,,,
https://www.amazon.in/s/?k=american+tourister+bags&ref=sugsr_5&pd_rd_w=2YdOu&content-id=amzn1.sym.f0166a2b-0975-4017-be10-7ecf88afb403:amzn1.sym.f0166a2b-0975-4017-be10-7ecf88afb403&pf_rd_p=f0166a2b-0975-4017-be10-7ecf88afb403&pf_rd_r=ZYGYBNQGN0VQGG2FBTZ1&pd_rd_wg=GhzkT&pd_rd_r=4b47527b-fc8d-450a-bcfe-3c53c4af6c57&qid=1685089466,,"1,199",4,"1-48 of 655 results for""american tourister bags""",,,"Amazon'sChoicefor ""american tourister bags""",
https://www.amazon.in/gp/help/customer/display.html?nodeId=201889520,,,,,,,,
https://www.amazon.in/gp/help/customer/contact-us,,,,,,,,
